cluster,cycle_id,duration_minutes,max_power,mean_power,energy_kwh
0,8,291.8008,484.2,236.9731543624161,1.2034770620416668
1,1,407.48905,179.3,111.83673965936738,2.036384841263889
