cluster,cycle_id,duration_minutes,max_power,mean_power,energy_kwh
0,6,221.59061666666668,482.4,156.85550660792953,0.6426865877222222
1,2,113.11291666666666,164.7,129.46694915254236,0.26558256231944444
