cluster,cycle_id,duration_minutes,max_power,mean_power,energy_kwh
0,1,810.8627333333334,514.5,179.64459459459462,7.146126322083333
1,0,598.6766666666666,499.4,155.58222591362127,2.8323841311388893
