cluster,n_cycles,duration_mean,duration_std,max_power_mean,max_power_std,mean_power_mean,mean_power_std,energy_mean_kwh,energy_std_kwh,peak_time_mean
0,7,277.33168333333333,175.245220639044,477.2857142857143,43.17894658941354,230.9906580107129,68.3413829701539,2.07037460680754,1.4701531432672479,0.5008766309935727
1,3,260.7578444444444,147.19019374705522,256.53333333333336,146.59789675617225,147.55523962903257,47.424509436373384,3.0409456330972215,3.3911360166073226,0.029524299373411875
